"","transactional_sales","gross_booking_value","percent"
"Site A",8790230.211234,125512197.287687,7
"Site B",2986087.399991,56166559.477999,5.32
