"","transactional_sales","gross_booking_value","percent"
"Site A 2016",2463750.959732,48096575.143982,5.12
"Site A 2017",6326479.251502,77415622.143705,8.17
"Site B 2016",890858.486747,27371340.701853,3.25
"Site B 2017",2095228.913244,28795218.776146,7.28
