"","transactional_sales","gross_booking_value","percent"
"Site A FRBO",4111145.549779,65839627.420977,6.24
"Site A PM",4679084.661455,59672569.86671,7.84
"Site B FRBO",2229242.527461,36941581.688191,6.03
"Site B PM",756844.87253,19224977.789808,3.94
