"","transactional_sales","gross_booking_value","percent"
"Site A Platfrom",6564438.571646,103844895.318182,6.32
"Site A Integrated",2225791.639588,21667301.969505,10.27
"Site B Platfrom",2842072.496503,48682532.960332,5.84
"Site B Integrated",144014.903488,7484026.517667,1.92
